{
  "planets":
  [
    {
      "name" : "Mercury",
      "video" : "mCzchPx3yF8"
    },
    {
      "name" : "Venus",
      "video" : "ZFUgy3crCYY"
    },
    {
      "name" : "Earth",
      "video" : "w-9gDALvMF4",
      "moons":
      [
        {
          "name" : "Moon",
          "video" : "mCzchPx3yF8"
        }
      ]
    },
    {
      "name" : "Mars",
      "video" : "I-88YWx71gE",
      "moons":
      [
        {
          "name" : "Deimos"
        },
        {
          "name" : "Phobos"
        }
      ]
    },
    {
      "name" : "Jupiter",
      "video" : "Xwn8fQSW7-8",
      "moons":
      [
        {
          "name" : "Ganymede",
          "video" : "HaFaf7vbgpE"
        },
        {
          "name" : "Callisto",
          "video" : "HaFaf7vbgpE"
        },
        {
          "name" : "Io",
          "video" : "HaFaf7vbgpE"
        },
        {
          "name" : "Europa",
          "video" : "HaFaf7vbgpE"
        }
      ]
    },
    {
      "name" : "Saturn",
      "video" : "E8GNde5nCSg",
      "moons" :
      [
        {
          "name" : "Titan",
          "video" : "D2QjUtmhEFo"
        },
        {
          "name" : "Rhea"
        },
        {
          "name" : "Iapetus"
        },
        {
          "name" : "Dione"
        },
        {
          "name" : "Tethys"
        },
        {
          "name" : "Enceladus"
        },
        {
          "name" : "Mimas"
        },
        {
          "name" : "Hyperion"
        },
        {
          "name" : "Phoebe"
        },
        {
          "name" : "Janus"
        },
        {
          "name" : "Epimetheus"
        },
        {
          "name" : "Prometheus"
        },
        {
          "name" : "Pandora"
        },
        {
          "name" : "Helene"
        }
      ]
    },
    {
      "name" : "Uranus",
      "video" : "1hIwD17Crko",
      "moons":
      [
        {
          "name" : "Titania"
        },
        {
          "name" : "Oberon"
        },
        {
          "name" : "Umbriel"
        },
        {
          "name" : "Ariel"
        },
        {
          "name" : "Miranda"
        }
      ]
    },
    {
      "name" : "Neptune",
      "video" : "1hIwD17Crko",
      "moons":
      [
        {
          "name" : "Triton"
        },
        {
          "name" : "Proteus"
        }
      ]
    }
  ],
  "others":
  [
    {
      "name" : "Sun",
      "video": "b22HKFMIfWo"
    },
    {
      "name" : "Pluto",
      "moons":
      [
        {
          "name" : "Charon"
        }
      ]
    },
    {
      "name" : "Ceres"
    },
    {
      "name" : "Vesta"
    },
    {
      "name" : "Ida"
    }
  ]
}